freq_mhz,probability,is_eti,center_channel
4786.103820800781,0.965,True,24576
4786.120986938477,0.967,True,30720
4786.189651489258,0.96,True,55296
4786.195373535156,0.919,True,57344
4786.269760131836,0.916,True,83968
4786.275482177734,0.976,True,86016
4786.407089233398,0.934,True,133120
4786.527252197266,0.935,True,176128
4786.561584472656,0.926,True,188416
4786.578750610352,0.994,True,194560
4786.704635620117,0.943,True,239616
4786.738967895508,0.936,True,251904
4786.801910400391,0.922,True,274432
4786.824798583984,0.971,True,282624
4786.830520629883,0.989,True,284672
4786.887741088867,0.912,True,305152
4786.893463134766,0.942,True,307200
4786.962127685547,0.994,True,331776
4787.076568603516,0.994,True,372736
4787.1337890625,0.938,True,393216
4787.196731567383,0.971,True,415744
4787.202453613281,0.963,True,417792
4787.24250793457,0.939,True,432128
4787.253952026367,0.928,True,436224
4787.397003173828,0.995,True,487424
4787.408447265625,0.932,True,491520
4787.459945678711,0.904,True,509952
4787.511444091797,0.932,True,528384
4787.551498413086,0.914,True,542720
4787.562942504883,0.954,True,546816
4787.568664550781,0.92,True,548864
4787.602996826172,0.936,True,561152
4787.643051147461,0.957,True,575488
4787.648773193359,0.914,True,577536
4787.654495239258,0.957,True,579584
4787.677383422852,0.958,True,587776
4787.700271606445,0.906,True,595968
4787.705993652344,0.908,True,598016
4787.717437744141,0.948,True,602112
4787.774658203125,0.94,True,622592
4787.780380249023,0.971,True,624640
4787.837600708008,0.981,True,645120
4787.854766845703,0.964,True,651264
4787.952041625977,0.946,True,686080
4787.986373901367,0.968,True,698368
4788.0950927734375,0.961,True,737280
4788.100814819336,0.915,True,739328
4788.753128051758,0.933,True,972800
4788.913345336914,0.95,True,1030144
4788.924789428711,0.987,True,1034240
4789.245223999023,0.932,True,1148928
4789.262390136719,0.987,True,1155072
4789.268112182617,0.98,True,1157120
4789.359664916992,0.985,True,1189888
4789.40544128418,0.925,True,1206272
4789.411163330078,0.944,True,1208320
4789.571380615234,0.919,True,1265664
4789.674377441406,0.936,True,1302528
4789.680099487305,0.973,True,1304576
4789.891815185547,0.993,True,1380352
4789.897537231445,0.936,True,1382400
4790.269470214844,0.973,True,1515520
4790.298080444336,0.996,True,1525760
4790.32096862793,0.903,True,1533952
4790.366744995117,0.915,True,1550336
4790.469741821289,0.957,True,1587200
4790.50407409668,0.936,True,1599488
4790.601348876953,0.957,True,1634304
4790.641403198242,0.937,True,1648640
4790.664291381836,0.937,True,1656832
4790.68717956543,0.929,True,1665024
4790.801620483398,0.925,True,1705984
4790.858840942383,0.984,True,1726464
4790.864562988281,0.996,True,1728512
4790.898895263672,0.914,True,1740800
4790.967559814453,0.949,True,1765376
4790.973281860352,0.926,True,1767424
4791.047668457031,0.956,True,1794048
4791.122055053711,0.923,True,1820672
4791.184997558594,0.97,True,1843200
4791.328048706055,0.987,True,1894400
4792.461013793945,0.903,True,2299904
4794.1375732421875,0.928,True,2899968
4794.143295288086,0.963,True,2902016
4794.160461425781,0.948,True,2908160
4794.20051574707,0.91,True,2922496
4794.343566894531,0.931,True,2973696
4794.423675537109,0.908,True,3002368
4794.520950317383,0.918,True,3037184
4794.572448730469,0.944,True,3055616
4794.589614868164,0.947,True,3061760
4794.664001464844,0.976,True,3088384
4794.6868896484375,0.993,True,3096576
4794.709777832031,0.983,True,3104768
4794.71549987793,0.986,True,3106816
4794.7784423828125,0.991,True,3129344
4794.784164428711,0.918,True,3131392
4794.801330566406,0.938,True,3137536
4794.807052612305,0.927,True,3139584
4794.835662841797,0.985,True,3149824
4794.858551025391,0.991,True,3158016
4795.018768310547,0.963,True,3215360
4795.030212402344,0.944,True,3219456
4795.047378540039,0.927,True,3225600
4795.133209228516,0.976,True,3256320
4795.173263549805,0.94,True,3270656
4795.201873779297,0.954,True,3280896
4795.293426513672,0.909,True,3313664
4795.310592651367,0.915,True,3319808
4795.384979248047,0.979,True,3346432
4795.425033569336,0.942,True,3360768
4795.44792175293,0.977,True,3368960
4795.470809936523,0.945,True,3377152
4795.5108642578125,0.929,True,3391488
4795.556640625,0.928,True,3407872
4795.671081542969,0.935,True,3448832
4795.734024047852,0.972,True,3471360
4795.81413269043,0.979,True,3500032
4795.8770751953125,0.949,True,3522560
4795.894241333008,0.943,True,3528704
4795.905685424805,0.988,True,3532800
4795.962905883789,0.971,True,3553280
4795.9686279296875,0.923,True,3555328
4796.008682250977,0.963,True,3569664
4796.043014526367,0.967,True,3581952
4796.0601806640625,0.931,True,3588096
4796.065902709961,0.935,True,3590144
4796.111679077148,0.988,True,3606528
4796.409225463867,0.981,True,3713024
4796.414947509766,0.989,True,3715072
4796.540832519531,0.909,True,3760128
4796.586608886719,0.973,True,3776512
4796.895599365234,0.98,True,3887104
4796.901321411133,0.972,True,3889152
4796.998596191406,0.975,True,3923968
4797.021484375,0.964,True,3932160
4797.027206420898,0.984,True,3934208
4797.044372558594,0.94,True,3940352
4797.050094604492,0.944,True,3942400
4797.141647338867,0.953,True,3975168
4797.198867797852,0.959,True,3995648
4797.221755981445,0.941,True,4003840
4797.290420532227,0.987,True,4028416
4797.296142578125,0.994,True,4030464
4797.450637817383,0.91,True,4085760
4797.479248046875,0.953,True,4096000
4797.519302368164,0.904,True,4110336
4797.587966918945,0.926,True,4134912
4797.690963745117,0.968,True,4171776
4797.748184204102,0.935,True,4192256
4797.771072387695,0.97,True,4200448
4797.879791259766,0.964,True,4239360
4797.908401489258,0.965,True,4249600
4798.0743408203125,0.996,True,4308992
4798.183059692383,0.934,True,4347904
4798.200225830078,0.989,True,4354048
4798.291778564453,0.999,True,4386816
4798.308944702148,0.971,True,4392960
4798.383331298828,0.975,True,4419584
4798.400497436523,0.988,True,4425728
4798.457717895508,0.911,True,4446208
4798.469161987305,0.965,True,4450304
4798.480606079102,0.909,True,4454400
4798.486328125,0.968,True,4456448
4798.492050170898,0.985,True,4458496
4798.503494262695,0.978,True,4462592
4798.635101318359,0.942,True,4509696
4798.74382019043,0.925,True,4548608
4798.766708374023,0.941,True,4556800
4798.818206787109,0.911,True,4575232
4798.892593383789,0.917,True,4601856
4798.984146118164,0.906,True,4634624
4799.121475219727,0.926,True,4683776
4799.567794799805,0.953,True,4843520
4799.573516845703,0.948,True,4845568
4799.84245300293,0.911,True,4941824
4799.893951416016,0.908,True,4960256
4800.494766235352,0.987,True,5175296
4800.557708740234,0.954,True,5197824
4800.717926025391,0.986,True,5255168
4800.723648071289,0.994,True,5257216
4800.79231262207,0.906,True,5281792
4800.809478759766,0.974,True,5287936
4800.815200805664,0.981,True,5289984
4800.8209228515625,0.917,True,5292032
4800.998306274414,0.975,True,5355520
4801.009750366211,0.961,True,5359616
4801.215744018555,0.945,True,5433344
4801.227188110352,0.928,True,5437440
4801.3702392578125,0.916,True,5488640
4801.393127441406,0.913,True,5496832
4801.398849487305,0.923,True,5498880
4801.484680175781,0.982,True,5529600
4801.627731323242,0.933,True,5580800
4801.650619506836,0.928,True,5588992
4801.730728149414,0.954,True,5617664
4801.833724975586,0.933,True,5654528
4801.868057250977,0.991,True,5666816
4802.028274536133,0.99,True,5724160
4802.548980712891,0.977,True,5910528
4802.554702758789,0.997,True,5912576
4802.577590942383,0.901,True,5920768
4802.749252319336,0.994,True,5982208
4802.754974365234,0.991,True,5984256
4802.909469604492,0.997,True,6039552
4802.920913696289,0.935,True,6043648
4803.046798706055,0.967,True,6088704
4803.052520751953,0.984,True,6090752
4803.447341918945,0.985,True,6232064
4803.453063964844,0.987,True,6234112
4803.624725341797,0.939,True,6295552
4803.630447387695,0.903,True,6297600
4803.636169433594,0.902,True,6299648
4803.647613525391,0.98,True,6303744
4803.653335571289,0.932,True,6305792
4803.733444213867,0.994,True,6334464
4803.79638671875,0.914,True,6356992
4803.8421630859375,0.988,True,6373376
4804.0252685546875,0.96,True,6438912
4804.16259765625,0.912,True,6488064
4804.23698425293,0.978,True,6514688
4804.254150390625,0.989,True,6520832
4804.265594482422,0.939,True,6524928
4804.345703125,0.991,True,6553600
4804.368591308594,0.996,True,6561792
4804.374313354492,0.988,True,6563840
4804.380035400391,0.989,True,6565888
4804.385757446289,0.946,True,6567936
4804.3914794921875,0.983,True,6569984
4804.42008972168,0.977,True,6580224
4804.505920410156,0.979,True,6610944
4804.5745849609375,0.991,True,6635520
4804.608917236328,0.962,True,6647808
4804.648971557617,0.976,True,6662144
4804.746246337891,0.984,True,6696960
4804.763412475586,0.95,True,6703104
4804.792022705078,0.965,True,6713344
4804.797744750977,0.936,True,6715392
4804.998016357422,0.95,True,6787072
4805.060958862305,0.985,True,6809600
4805.072402954102,0.994,True,6813696
4805.118179321289,0.97,True,6830080
4805.141067504883,0.967,True,6838272
4805.192565917969,0.911,True,6856704
4805.198287963867,0.914,True,6858752
4805.226898193359,0.932,True,6868992
4805.3070068359375,0.913,True,6897664
4805.776214599609,0.966,True,7065600
4805.781936645508,0.989,True,7067648
4805.907821655273,0.962,True,7112704
4805.936431884766,0.987,True,7122944
4806.016540527344,0.965,True,7151616
4806.022262573242,0.961,True,7153664
4806.211090087891,0.908,True,7221248
4806.382751464844,0.903,True,7282688
4806.462860107422,0.918,True,7311360
4806.554412841797,0.956,True,7344128
4806.565856933594,0.904,True,7348224
4806.600189208984,0.92,True,7360512
4806.605911254883,0.917,True,7362560
4806.611633300781,0.914,True,7364608
4806.61735534668,1.0,True,7366656
4806.748962402344,0.908,True,7413760
4806.783294677734,0.922,True,7426048
4806.789016723633,0.994,True,7428096
4806.806182861328,0.916,True,7434240
4806.9091796875,0.959,True,7471104
4807.040786743164,0.957,True,7518208
4807.258224487305,0.973,True,7596032
4807.3211669921875,0.918,True,7618560
4807.326889038086,0.914,True,7620608
4807.344055175781,0.986,True,7626752
4807.34977722168,0.984,True,7628800
4807.355499267578,0.946,True,7630848
4807.389831542969,0.904,True,7643136
4807.527160644531,0.915,True,7692288
4807.538604736328,0.908,True,7696384
4807.578659057617,0.979,True,7710720
4807.590103149414,0.986,True,7714816
4807.635879516602,0.975,True,7731200
4807.6873779296875,0.96,True,7749632
4807.744598388672,0.931,True,7770112
4807.756042480469,0.927,True,7774208
4807.773208618164,0.985,True,7780352
4807.7789306640625,0.907,True,7782400
4807.836151123047,0.918,True,7802880
4807.841873168945,0.938,True,7804928
4807.853317260742,0.921,True,7809024
4807.859039306641,0.987,True,7811072
4807.876205444336,0.983,True,7817216
4807.881927490234,0.911,True,7819264
4807.9620361328125,0.935,True,7847936
4807.979202270508,0.977,True,7854080
4808.030700683594,0.999,True,7872512
4808.042144775391,0.96,True,7876608
4808.122253417969,0.961,True,7905280
4808.139419555664,0.9,True,7911424
4808.230972290039,0.992,True,7944192
4808.259582519531,0.92,True,7954432
4808.271026611328,0.941,True,7958528
4808.425521850586,0.938,True,8013824
4808.436965942383,0.928,True,8017920
4808.477020263672,0.964,True,8032256
4808.568572998047,0.979,True,8065024
4808.642959594727,0.92,True,8091648
4808.648681640625,0.987,True,8093696
4808.660125732422,0.9,True,8097792
4808.723068237305,0.987,True,8120320
4808.934783935547,0.91,True,8196096
4808.9691162109375,0.984,True,8208384
4809.100723266602,0.982,True,8255488
4809.163665771484,0.979,True,8278016
4809.226608276367,0.956,True,8300544
4809.421157836914,0.973,True,8370176
4809.47265625,0.991,True,8388608
4809.753036499023,0.928,True,8488960
4809.758758544922,0.914,True,8491008
4809.76448059082,0.936,True,8493056
4809.7930908203125,0.973,True,8503296
4809.798812866211,0.929,True,8505344
4809.918975830078,0.957,True,8548352
4809.941864013672,0.964,True,8556544
4809.9761962890625,0.995,True,8568832
4809.981918334961,0.967,True,8570880
4810.044860839844,0.961,True,8593408
4810.084915161133,0.956,True,8607744
4810.124969482422,0.973,True,8622080
4811.37809753418,0.941,True,9070592
4813.100433349609,0.954,True,9687040
4813.157653808594,0.986,True,9707520
4813.186264038086,0.985,True,9717760
4813.300704956055,0.938,True,9758720
4813.31787109375,0.914,True,9764864
4813.432312011719,0.999,True,9805824
4813.478088378906,0.95,True,9822208
4813.489532470703,0.92,True,9826304
4813.764190673828,0.958,True,9924608
4813.769912719727,0.958,True,9926656
4813.884353637695,0.95,True,9967616
4813.890075683594,0.95,True,9969664
4813.895797729492,0.987,True,9971712
4814.033126831055,0.979,True,10020864
4814.038848876953,0.935,True,10022912
4814.113235473633,0.978,True,10049536
4814.118957519531,0.977,True,10051584
4814.210510253906,0.932,True,10084352
4814.2333984375,0.988,True,10092544
4814.496612548828,0.94,True,10186752
4814.611053466797,0.951,True,10227712
4814.628219604492,0.972,True,10233856
4814.633941650391,0.975,True,10235904
4814.6453857421875,0.933,True,10240000
4814.651107788086,0.918,True,10242048
4814.685440063477,0.93,True,10254336
4814.691162109375,0.963,True,10256384
4814.714050292969,0.924,True,10264576
4814.754104614258,0.933,True,10278912
4814.759826660156,0.989,True,10280960
4814.982986450195,0.942,True,10360832
4815.057373046875,0.971,True,10387456
4815.114593505859,0.902,True,10407936
4815.143203735352,0.97,True,10418176
4815.14892578125,0.991,True,10420224
4815.188980102539,0.906,True,10434560
4815.40641784668,0.998,True,10512384
4815.412139892578,0.988,True,10514432
4815.435028076172,0.937,True,10522624
4815.475082397461,0.994,True,10536960
4815.480804443359,0.954,True,10539008
4815.503692626953,0.983,True,10547200
4815.509414672852,0.999,True,10549248
4815.686798095703,0.961,True,10612736
4815.7440185546875,0.992,True,10633216
4815.749740600586,0.913,True,10635264
4815.8355712890625,0.988,True,10665984
4815.841293334961,0.985,True,10668032
4815.938568115234,0.976,True,10702848
4815.967178344727,0.955,True,10713088
4815.972900390625,0.986,True,10715136
4816.081619262695,0.93,True,10754048
4816.121673583984,0.937,True,10768384
4816.133117675781,0.961,True,10772480
4816.218948364258,0.993,True,10803200
4816.224670410156,0.989,True,10805248
4816.230392456055,0.968,True,10807296
4816.259002685547,0.995,True,10817536
4816.407775878906,0.984,True,10870784
4816.413497924805,0.99,True,10872832
4816.487884521484,0.99,True,10899456
4816.72248840332,0.964,True,10983424
4816.728210449219,0.939,True,10985472
4816.756820678711,0.979,True,10995712
4816.8426513671875,0.986,True,11026432
4816.90559387207,0.987,True,11048960
4817.082977294922,0.967,True,11112448
4817.08869934082,0.97,True,11114496
4817.151641845703,0.958,True,11137024
4817.157363891602,0.954,True,11139072
4817.340469360352,0.986,True,11204608
4818.330383300781,0.955,True,11558912
4819.388961791992,0.903,True,11937792
4820.190048217773,0.914,True,12224512
4820.235824584961,0.986,True,12240896
4820.241546630859,0.951,True,12242944
4820.35026550293,0.965,True,12281856
4820.430374145508,0.937,True,12310528
4820.441818237305,0.954,True,12314624
4820.499038696289,0.902,True,12335104
4820.653533935547,0.946,True,12390400
4820.676422119141,0.922,True,12398592
4820.71647644043,0.943,True,12412928
4820.722198486328,0.978,True,12414976
4820.830917358398,0.962,True,12453888
4820.882415771484,0.937,True,12472320
4820.888137817383,0.936,True,12474368
4820.893859863281,0.903,True,12476416
4821.019744873047,0.985,True,12521472
4821.025466918945,0.943,True,12523520
4821.031188964844,0.949,True,12525568
4821.036911010742,0.917,True,12527616
4821.048355102539,0.923,True,12531712
4821.065521240234,0.956,True,12537856
4821.071243286133,0.948,True,12539904
4821.122741699219,0.956,True,12558336
4821.3287353515625,0.904,True,12632064
4821.334457397461,0.941,True,12634112
4821.357345581055,0.968,True,12642304
4821.37451171875,0.911,True,12648448
4821.466064453125,0.918,True,12681216
4821.471786499023,0.985,True,12683264
4821.48323059082,0.955,True,12687360
4821.546173095703,0.908,True,12709888
4821.551895141602,0.924,True,12711936
4821.677780151367,0.901,True,12756992
4821.689224243164,0.908,True,12761088
4821.757888793945,0.929,True,12785664
4821.763610839844,0.984,True,12787712
4821.769332885742,0.976,True,12789760
4821.929550170898,0.966,True,12847104
4821.952438354492,0.919,True,12855296
4822.038269042969,0.911,True,12886016
4822.043991088867,0.92,True,12888064
4822.0611572265625,0.918,True,12894208
4822.084045410156,0.93,True,12902400
4822.1527099609375,0.91,True,12926976
4822.21565246582,0.986,True,12949504
4822.2442626953125,0.944,True,12959744
4822.249984741211,0.974,True,12961792
4822.341537475586,0.91,True,12994560
4822.358703613281,0.99,True,13000704
4822.36442565918,0.984,True,13002752
4822.375869750977,0.913,True,13006848
4822.450256347656,0.992,True,13033472
4822.47314453125,0.923,True,13041664
4822.5189208984375,0.929,True,13058048
4822.593307495117,0.959,True,13084672
4822.599029541016,0.91,True,13086720
4822.6104736328125,0.923,True,13090816
4822.616195678711,0.922,True,13092864
4822.621917724609,0.951,True,13094912
4822.639083862305,0.965,True,13101056
4822.644805908203,0.988,True,13103104
4822.776412963867,0.946,True,13150208
4822.805023193359,0.916,True,13160448
4822.845077514648,0.984,True,13174784
4822.919464111328,0.904,True,13201408
4823.056793212891,0.918,True,13250560
4823.062515258789,0.955,True,13252608
4823.079681396484,0.973,True,13258752
4823.091125488281,0.918,True,13262848
4823.136901855469,0.978,True,13279232
4823.148345947266,0.921,True,13283328
4823.176956176758,0.902,True,13293568
4823.199844360352,0.935,True,13301760
4823.423004150391,0.912,True,13381632
4823.428726196289,0.984,True,13383680
4823.4344482421875,0.917,True,13385728
4823.49739074707,0.928,True,13408256
4823.548889160156,0.928,True,13426688
4823.594665527344,0.983,True,13443072
4823.731994628906,0.906,True,13492224
4823.737716674805,0.931,True,13494272
4823.743438720703,0.9,True,13496320
4823.760604858398,0.929,True,13502464
4823.794937133789,0.959,True,13514752
4823.857879638672,0.961,True,13537280
4823.903656005859,0.901,True,13553664
4824.092483520508,0.995,True,13621248
4824.098205566406,0.982,True,13623296
4824.201202392578,0.995,True,13660160
4824.206924438477,0.995,True,13662208
4824.287033081055,0.91,True,13690880
4824.315643310547,0.94,True,13701120
4824.372863769531,0.983,True,13721600
4824.37858581543,0.984,True,13723648
4824.384307861328,0.985,True,13725696
4824.395751953125,0.932,True,13729792
4824.447250366211,0.97,True,13748224
4824.452972412109,0.918,True,13750272
4824.819183349609,0.995,True,13881344
4824.824905395508,0.988,True,13883392
4826.387023925781,0.98,True,14442496
4826.713180541992,0.938,True,14559232
4826.718902587891,0.912,True,14561280
4827.153778076172,0.985,True,14716928
4827.222442626953,0.967,True,14741504
4828.109359741211,0.974,True,15058944
4828.115081787109,0.961,True,15060992
4829.728698730469,0.98,True,15638528
4829.734420776367,0.945,True,15640576
4829.837417602539,0.946,True,15677440
4830.100631713867,0.955,True,15771648
4830.129241943359,0.945,True,15781888
4830.489730834961,0.978,True,15910912
4830.558395385742,0.919,True,15935488
4831.050491333008,0.974,True,16111616
4831.210708618164,0.978,True,16168960
4831.2164306640625,0.915,True,16171008
4831.3079833984375,0.918,True,16203776
4831.313705444336,0.921,True,16205824
4831.319427490234,0.967,True,16207872
4831.485366821289,0.925,True,16267264
4831.599807739258,0.961,True,16308224
4835.158920288086,0.979,True,17582080
4835.193252563477,0.971,True,17594368
4835.221862792969,0.934,True,17604608
4835.36491394043,0.933,True,17655808
4835.370635986328,0.905,True,17657856
4835.593795776367,0.962,True,17737728
4835.685348510742,0.903,True,17770496
4835.73112487793,0.956,True,17786880
4835.76545715332,0.9,True,17799168
4838.168716430664,0.923,True,18659328
4838.260269165039,0.98,True,18692096
4838.414764404297,0.944,True,18747392
4838.454818725586,0.985,True,18761728
4839.467620849609,0.954,True,19124224
4839.473342895508,0.902,True,19126272
4839.507675170898,0.994,True,19138560
4839.513397216797,0.988,True,19140608
4840.692138671875,0.983,True,19562496
4840.726470947266,0.92,True,19574784
4840.840911865234,0.982,True,19615744
4840.898132324219,0.982,True,19636224
4841.024017333984,0.993,True,19681280
4841.029739379883,0.988,True,19683328
4841.127014160156,0.944,True,19718144
4841.172790527344,0.98,True,19734528
4841.178512573242,0.979,True,19736576
4841.241455078125,0.919,True,19759104
4841.401672363281,0.925,True,19816448
4841.6534423828125,0.995,True,19906560
4841.767883300781,0.928,True,19947520
4841.779327392578,0.995,True,19951616
4841.819381713867,0.962,True,19965952
4841.830825805664,0.989,True,19970048
4841.9281005859375,0.97,True,20004864
4842.0654296875,0.954,True,20054016
4842.122650146484,0.958,True,20074496
4842.13981628418,0.901,True,20080640
4842.162704467773,0.905,True,20088832
4842.17414855957,0.918,True,20092928
4842.208480834961,0.928,True,20105216
4842.219924926758,0.974,True,20109312
4842.24853515625,0.927,True,20119552
4842.254257202148,0.987,True,20121600
4842.397308349609,0.941,True,20172800
4842.403030395508,0.963,True,20174848
4842.414474487305,0.906,True,20178944
4842.443084716797,0.978,True,20189184
4842.460250854492,0.972,True,20195328
4842.54035949707,0.98,True,20224000
4842.855072021484,0.953,True,20336640
4842.877960205078,0.912,True,20344832
4842.889404296875,0.991,True,20348928
4843.141174316406,0.9,True,20439040
4843.146896362305,0.911,True,20441088
4843.215560913086,0.988,True,20465664
4843.352890014648,0.925,True,20514816
4843.358612060547,0.957,True,20516864
4843.736267089844,0.965,True,20652032
4843.741989135742,0.961,True,20654080
4843.856430053711,0.969,True,20695040
4843.885040283203,0.958,True,20705280
4844.039535522461,0.974,True,20760576
4844.314193725586,0.986,True,20858880
4844.348526000977,0.96,True,20871168
4844.8577880859375,0.949,True,21053440
4844.955062866211,0.992,True,21088256
4845.000839233398,0.936,True,21104640
4846.90055847168,0.965,True,21784576
4847.255325317383,0.968,True,21911552
4847.289657592773,0.98,True,21923840
4847.621536254883,0.97,True,22042624
4847.764587402344,0.979,True,22093824
4848.044967651367,0.977,True,22194176
4848.222351074219,0.96,True,22257664
4848.228073120117,0.967,True,22259712
4848.708724975586,0.933,True,22431744
4849.052047729492,0.946,True,22554624
4849.6185302734375,0.955,True,22757376
4849.813079833984,0.95,True,22827008
4849.870300292969,0.978,True,22847488
4850.144958496094,0.96,True,22945792
4851.2664794921875,0.955,True,23347200
4852.302169799805,0.921,True,23717888
4852.8228759765625,0.968,True,23904256
4852.94303894043,0.972,True,23947264
4853.011703491211,0.969,True,23971840
4853.143310546875,0.922,True,24018944
4853.149032592773,0.911,True,24020992
4853.223419189453,0.902,True,24047616
4853.326416015625,0.91,True,24084480
4853.406524658203,0.972,True,24113152
4853.475189208984,0.951,True,24137728
4853.49235534668,0.924,True,24143872
4853.698348999023,0.952,True,24217600
4853.704071044922,0.938,True,24219648
4853.70979309082,0.959,True,24221696
4853.732681274414,0.915,True,24229888
4853.824234008789,0.936,True,24262656
4853.927230834961,0.973,True,24299520
4854.001617431641,0.93,True,24326144
4854.127502441406,0.904,True,24371200
4854.167556762695,0.908,True,24385536
4854.219055175781,0.909,True,24403968
4854.356384277344,0.93,True,24453120
4854.362106323242,0.918,True,24455168
4854.367828369141,0.941,True,24457216
4854.465103149414,0.957,True,24492032
4854.528045654297,0.916,True,24514560
4854.579544067383,0.929,True,24532992
4854.631042480469,0.97,True,24551424
4854.716873168945,0.937,True,24582144
4854.722595214844,0.942,True,24584192
4854.7454833984375,0.92,True,24592384
4854.751205444336,0.914,True,24594432
4854.899978637695,0.975,True,24647680
4854.940032958984,0.915,True,24662016
4854.945755004883,0.924,True,24664064
4855.025863647461,0.998,True,24692736
4855.071640014648,0.99,True,24709120
4855.231857299805,0.91,True,24766464
4855.243301391602,0.953,True,24770560
4855.346298217773,0.902,True,24807424
4855.449295043945,0.979,True,24844288
4855.455017089844,0.91,True,24846336
4855.495071411133,0.905,True,24860672
4855.529403686523,0.956,True,24872960
4855.535125732422,0.988,True,24875008
4855.672454833984,0.965,True,24924160
4856.101608276367,0.991,True,25077760
4856.34765625,0.939,True,25165824
4856.502151489258,0.928,True,25221120
4856.645202636719,0.988,True,25272320
4856.719589233398,0.976,True,25298944
4856.78825378418,0.998,True,25323520
4856.816864013672,0.904,True,25333760
4856.839752197266,0.957,True,25341952
4857.097244262695,0.943,True,25434112
4857.131576538086,0.975,True,25446400
4857.15446472168,0.993,True,25454592
4857.228851318359,0.979,True,25481216
4857.303237915039,0.988,True,25507840
4857.4005126953125,0.9,True,25542656
4857.417678833008,0.943,True,25548800
4857.440567016602,0.903,True,25556992
4857.4462890625,0.943,True,25559040
4857.452011108398,0.921,True,25561088
4857.474899291992,0.941,True,25569280
4857.73811340332,0.973,True,25663488
4857.783889770508,0.911,True,25679872
4857.795333862305,0.943,True,25683968
4857.881164550781,0.918,True,25714688
4857.898330688477,0.918,True,25720832
4857.984161376953,0.902,True,25751552
4858.184432983398,0.91,True,25823232
4858.2244873046875,0.976,True,25837568
4858.270263671875,0.958,True,25853952
4858.327484130859,0.947,True,25874432
4858.378982543945,0.999,True,25892864
4858.430480957031,0.95,True,25911296
4858.550643920898,0.963,True,25954304
4858.596420288086,0.919,True,25970688
4858.613586425781,0.946,True,25976832
4858.659362792969,0.983,True,25993216
4858.762359619141,0.926,True,26030080
4858.7738037109375,0.958,True,26034176
4858.853912353516,0.942,True,26062848
4858.871078491211,0.911,True,26068992
4858.996963500977,0.992,True,26114048
4859.031295776367,0.98,True,26126336
4859.157180786133,0.94,True,26171392
4859.283065795898,0.97,True,26216448
4859.288787841797,0.987,True,26218496
4859.431838989258,0.99,True,26269696
4859.449005126953,0.968,True,26275840
4859.552001953125,0.928,True,26312704
4859.563446044922,0.96,True,26316800
4859.843826293945,0.978,True,26417152
4859.866714477539,0.943,True,26425344
4859.906768798828,0.955,True,26439680
4859.912490844727,0.983,True,26441728
4859.918212890625,0.93,True,26443776
4859.923934936523,0.928,True,26445824
4859.986877441406,0.929,True,26468352
4860.135650634766,0.913,True,26521600
4860.164260864258,0.938,True,26531840
4860.181427001953,0.981,True,26537984
4860.3302001953125,0.931,True,26591232
4860.335922241211,0.968,True,26593280
4860.341644287109,0.961,True,26595328
4860.478973388672,0.996,True,26644480
4860.48469543457,0.993,True,26646528
4860.490417480469,0.911,True,26648576
4860.5133056640625,0.958,True,26656768
4860.536193847656,0.976,True,26664960
4860.707855224609,0.992,True,26726400
4860.713577270508,0.98,True,26728448
4860.719299316406,0.985,True,26730496
4860.805130004883,0.92,True,26761216
4860.845184326172,0.985,True,26775552
4860.862350463867,0.98,True,26781696
4860.890960693359,0.972,True,26791936
4860.919570922852,0.995,True,26802176
4860.948181152344,0.951,True,26812416
4861.028289794922,0.933,True,26841088
4861.03401184082,0.983,True,26843136
4861.051177978516,0.985,True,26849280
4861.0626220703125,0.961,True,26853376
4861.137008666992,0.903,True,26880000
4861.148452758789,0.949,True,26884096
4861.171340942383,0.901,True,26892288
4861.194229125977,0.936,True,26900480
4861.199951171875,0.989,True,26902528
4861.308670043945,0.92,True,26941440
4861.371612548828,0.978,True,26963968
4861.411666870117,0.949,True,26978304
4861.480331420898,0.964,True,27002880
4861.76643371582,0.959,True,27105280
4861.926651000977,0.969,True,27162624
4862.02392578125,0.923,True,27197440
4862.235641479492,0.963,True,27273216
4862.287139892578,0.926,True,27291648
4862.327194213867,0.908,True,27305984
4862.4359130859375,0.912,True,27344896
4862.538909912109,0.96,True,27381760
4862.659072875977,0.989,True,27424768
4862.767791748047,0.908,True,27463680
4862.86506652832,0.989,True,27498496
4862.910842895508,0.9,True,27514880
4862.979507446289,0.987,True,27539456
4863.053894042969,0.984,True,27566080
4863.111114501953,0.903,True,27586560
4863.116836547852,0.903,True,27588608
4863.134002685547,0.933,True,27594752
4863.151168823242,0.991,True,27600896
4863.334274291992,0.926,True,27666432
4863.357162475586,0.915,True,27674624
4863.528823852539,0.92,True,27736064
4863.706207275391,0.936,True,27799552
4863.711929321289,0.984,True,27801600
4863.7176513671875,0.921,True,27803648
4863.723373413086,0.938,True,27805696
4863.803482055664,0.935,True,27834368
4864.129638671875,0.934,True,27951104
4864.255523681641,0.922,True,27996160
4864.410018920898,0.95,True,28051456
4864.438629150391,0.916,True,28061696
4864.444351196289,0.921,True,28063744
4864.47868347168,0.98,True,28076032
4864.484405517578,0.959,True,28078080
4864.490127563477,0.99,True,28080128
4864.701843261719,0.91,True,28155904
4864.707565307617,0.999,True,28157952
4864.730453491211,0.938,True,28166144
4864.759063720703,0.917,True,28176384
4864.827728271484,0.968,True,28200960
4864.833450317383,0.902,True,28203008
4865.016555786133,0.956,True,28268544
4865.056610107422,0.934,True,28282880
4865.06233215332,0.968,True,28284928
4865.096664428711,0.962,True,28297216
4865.108108520508,0.975,True,28301312
4865.119552612305,0.945,True,28305408
4865.142440795898,0.926,True,28313600
4865.176773071289,0.98,True,28325888
4865.1824951171875,0.901,True,28327936
4865.262603759766,0.911,True,28356608
4865.285491943359,0.934,True,28364800
4865.296936035156,0.921,True,28368896
4865.42854309082,0.935,True,28416000
4865.4571533203125,0.93,True,28426240
4865.462875366211,0.915,True,28428288
4865.514373779297,0.95,True,28446720
4865.594482421875,0.964,True,28475392
4865.617370605469,0.987,True,28483584
4865.657424926758,0.924,True,28497920
4865.663146972656,0.922,True,28499968
4865.68603515625,0.914,True,28508160
4865.691757202148,0.993,True,28510208
4865.766143798828,0.966,True,28536832
4865.789031982422,0.952,True,28545024
4865.79475402832,0.94,True,28547072
4865.857696533203,0.989,True,28569600
4865.903472900391,0.913,True,28585984
4865.960693359375,0.925,True,28606464
4865.989303588867,0.9,True,28616704
4866.012191772461,0.937,True,28624896
4866.017913818359,0.942,True,28626944
4866.046524047852,0.925,True,28637184
4866.05224609375,0.937,True,28639232
4866.075134277344,0.968,True,28647424
4866.298294067383,0.982,True,28727296
4866.304016113281,0.976,True,28729344
4866.366958618164,0.964,True,28751872
4866.498565673828,0.966,True,28798976
4866.504287719727,0.983,True,28801024
4867.77458190918,0.994,True,29255680
4867.780303955078,0.976,True,29257728
4867.80891418457,0.987,True,29267968
4870.069122314453,0.988,True,30076928
4870.481109619141,0.911,True,30224384
4870.835876464844,0.951,True,30351360
4871.144866943359,0.984,True,30461952
4871.65412902832,0.947,True,30644224
4871.871566772461,0.995,True,30722048
4871.877288818359,0.995,True,30724096
4871.91162109375,0.91,True,30736384
4872.214889526367,0.906,True,30844928
4872.289276123047,0.904,True,30871552
4872.35221862793,0.915,True,30894080
4872.375106811523,0.99,True,30902272
4872.489547729492,0.995,True,30943232
4872.495269775391,0.911,True,30945280
4872.529602050781,0.98,True,30957568
4872.592544555664,0.98,True,30980096
4872.626876831055,0.934,True,30992384
4873.01025390625,0.978,True,31129600
4873.0560302734375,0.946,True,31145984
4873.159027099609,0.943,True,31182848
4873.296356201172,0.974,True,31232000
4873.30207824707,0.985,True,31234048
4873.387908935547,0.993,True,31264768
4873.410797119141,0.977,True,31272960
4873.416519165039,0.958,True,31275008
4873.468017578125,0.91,True,31293440
4873.588180541992,0.917,True,31336448
4873.691177368164,0.988,True,31373312
4873.6968994140625,0.962,True,31375360
4873.965835571289,0.92,True,31471616
4874.423599243164,0.967,True,31635456
4874.4293212890625,0.93,True,31637504
4875.184631347656,0.975,True,31907840
4875.402069091797,0.967,True,31985664
4875.842666625977,0.938,True,32143360
4876.243209838867,0.987,True,32286720
4876.248931884766,0.98,True,32288768
4876.346206665039,0.986,True,32323584
4876.386260986328,0.97,True,32337920
4876.391983032227,0.965,True,32339968
4876.500701904297,0.952,True,32378880
4877.570724487305,0.981,True,32761856
4878.566360473633,0.936,True,33118208
4879.659271240234,0.979,True,33509376
4879.911041259766,0.967,True,33599488
4880.054092407227,0.925,True,33650688
4880.33447265625,0.954,True,33751040
4881.101226806641,0.983,True,34025472
4881.106948852539,0.973,True,34027520
4881.135559082031,0.928,True,34037760
4881.14128112793,0.983,True,34039808
4886.594390869141,0.998,True,35991552
4887.807464599609,0.965,True,36425728
4887.813186645508,0.966,True,36427776
4888.156509399414,0.988,True,36550656
4889.089202880859,0.932,True,36884480
4890.439605712891,0.997,True,37367808
4890.485382080078,0.972,True,37384192
4890.491104125977,0.967,True,37386240
4890.645599365234,0.98,True,37441536
4890.651321411133,0.984,True,37443584
4890.828704833984,0.963,True,37507072
4891.097640991211,0.962,True,37603328
4891.584014892578,0.989,True,37777408
4892.013168334961,0.92,True,37931008
4892.167663574219,0.948,True,37986304
4892.551040649414,0.98,True,38123520
4893.5638427734375,0.969,True,38486016
4893.62678527832,0.97,True,38508544
4893.632507324219,0.98,True,38510592
4894.136047363281,0.976,True,38690816
4894.244766235352,0.983,True,38729728
4894.782638549805,0.973,True,38922240
4894.994354248047,0.916,True,38998016
4895.000076293945,0.936,True,39000064
4896.899795532227,0.945,True,39680000
4897.077178955078,0.95,True,39743488
4897.082901000977,0.956,True,39745536
4897.088623046875,0.935,True,39747584
4897.769546508789,0.989,True,39991296
4897.792434692383,0.995,True,39999488
4897.80387878418,0.996,True,40003584
4898.2330322265625,0.924,True,40157184
4898.336029052734,0.937,True,40194048
4898.393249511719,0.986,True,40214528
4898.421859741211,0.976,True,40224768
4898.519134521484,0.914,True,40259584
4898.57063293457,0.977,True,40278016
4898.5992431640625,0.985,True,40288256
4898.702239990234,0.908,True,40325120
4898.799514770508,0.906,True,40359936
4898.816680908203,0.977,True,40366080
4898.891067504883,0.903,True,40392704
4898.942565917969,0.999,True,40411136
4898.948287963867,0.904,True,40413184
4899.01123046875,0.94,True,40435712
4899.028396606445,0.909,True,40441856
4899.034118652344,0.989,True,40443904
4899.08561706543,0.95,True,40462336
4899.354553222656,0.901,True,40558592
4899.388885498047,0.938,True,40570880
4899.400329589844,0.981,True,40574976
4899.463272094727,0.915,True,40597504
4899.520492553711,0.955,True,40617984
4899.531936645508,0.967,True,40622080
4899.554824829102,0.97,True,40630272
4899.806594848633,0.902,True,40720384
4899.863815307617,0.993,True,40740864
4899.892425537109,0.976,True,40751104
4899.921035766602,0.975,True,40761344
4900.081253051758,0.919,True,40818688
4904.813385009766,0.99,True,42512384
4904.830551147461,0.985,True,42518528
4904.939270019531,0.954,True,42557440
4904.967880249023,0.919,True,42567680
4904.973602294922,0.984,True,42569728
4905.0994873046875,0.936,True,42614784
4905.231094360352,0.94,True,42661888
4905.23681640625,0.978,True,42663936
4905.271148681641,0.995,True,42676224
4905.276870727539,0.973,True,42678272
4905.31120300293,0.922,True,42690560
4905.3741455078125,0.903,True,42713088
4905.700302124023,0.969,True,42829824
4905.734634399414,0.959,True,42842112
4905.7403564453125,0.914,True,42844160
4905.992126464844,0.922,True,42934272
4906.238174438477,0.953,True,43022336
4906.278228759766,0.931,True,43036672
4906.346893310547,0.967,True,43061248
4906.352615356445,0.98,True,43063296
4906.427001953125,0.936,True,43089920
4906.575775146484,0.968,True,43143168
4907.840347290039,0.992,True,43595776
4909.803009033203,0.988,True,44298240
4909.808731079102,0.988,True,44300288
4909.968948364258,0.983,True,44357632
4909.974670410156,0.957,True,44359680
4910.009002685547,0.926,True,44371968
4910.014724731445,0.991,True,44374016
4910.329437255859,0.925,True,44486656
4910.380935668945,0.982,True,44505088
4910.695648193359,0.988,True,44617728
4910.758590698242,0.978,True,44640256
4910.764312744141,0.972,True,44642304
4911.124801635742,0.979,True,44771328
4911.193466186523,0.958,True,44795904
4911.199188232422,0.919,True,44797952
4911.20491027832,0.979,True,44800000
4911.313629150391,0.985,True,44838912
4911.342239379883,0.953,True,44849152
4911.365127563477,0.982,True,44857344
4911.765670776367,0.979,True,45000704
4911.771392822266,0.948,True,45002752
4911.851501464844,0.981,True,45031424
4915.032958984375,0.91,True,46170112
4919.398880004883,0.95,True,47732736
4919.4732666015625,0.967,True,47759360
4920.611953735352,0.921,True,48166912
4921.138381958008,0.978,True,48355328
4921.184158325195,0.905,True,48371712
4921.435928344727,0.997,True,48461824
4921.441650390625,0.906,True,48463872
4921.842193603516,0.991,True,48607232
4922.048187255859,0.977,True,48680960
4922.225570678711,0.989,True,48744448
4922.368621826172,0.987,True,48795648
4923.6846923828125,0.998,True,49266688
4924.588775634766,0.958,True,49590272
4924.668884277344,0.905,True,49618944
4924.674606323242,0.962,True,49620992
4925.046539306641,0.992,True,49754112
4928.943252563477,0.974,True,51148800
4929.017639160156,0.962,True,51175424
4929.11491394043,0.944,True,51210240
4929.555511474609,0.98,True,51367936
4929.761505126953,0.976,True,51441664
4929.944610595703,0.944,True,51507200
4929.950332641602,0.998,True,51509248
4929.984664916992,0.969,True,51521536
4930.522537231445,0.938,True,51714048
4930.528259277344,0.92,True,51716096
4930.986022949219,0.991,True,51879936
4930.991744995117,0.99,True,51881984
4931.094741821289,0.985,True,51918848
4931.174850463867,0.987,True,51947520
4931.272125244141,0.994,True,51982336
4931.317901611328,0.957,True,51998720
4931.4208984375,0.979,True,52035584
4931.460952758789,0.998,True,52049920
4932.038879394531,0.977,True,52256768
4932.04460144043,0.979,True,52258816
4932.485198974609,0.987,True,52416512
4933.005905151367,0.979,True,52602880
4934.7625732421875,0.96,True,53231616
4936.381912231445,0.961,True,53811200
4937.017059326172,0.969,True,54038528
4939.426040649414,0.915,True,54900736
4945.434188842773,0.974,True,57051136
4947.900390625,0.987,True,57933824
4947.906112670898,0.989,True,57935872
4948.306655883789,0.97,True,58079232
4948.701477050781,0.9,True,58220544
4948.810195922852,0.936,True,58259456
4948.918914794922,0.95,True,58298368
4949.267959594727,0.949,True,58423296
4949.273681640625,0.956,True,58425344
4949.308013916016,0.935,True,58437632
4949.611282348633,0.968,True,58546176
4949.857330322266,0.985,True,58634240
4949.863052368164,0.987,True,58636288
4951.894378662109,0.975,True,59363328
4952.392196655273,0.994,True,59541504
4952.397918701172,0.986,True,59543552
4952.689743041992,0.937,True,59648000
4953.4393310546875,0.944,True,59916288
4953.513717651367,0.91,True,59942912
4953.519439697266,0.988,True,59944960
4953.525161743164,0.935,True,59947008
4953.782653808594,0.97,True,60039168
4954.011535644531,0.975,True,60121088
4954.01725769043,0.987,True,60123136
4954.0802001953125,0.965,True,60145664
4954.160308837891,0.987,True,60174336
4954.452133178711,0.901,True,60278784
4955.144500732422,0.939,True,60526592
4955.15022277832,0.946,True,60528640
4959.745025634766,0.913,True,62173184
4960.248565673828,0.938,True,62353408
4960.260009765625,0.924,True,62357504
4965.009307861328,0.965,True,64057344
4965.575790405273,0.948,True,64260096
4965.581512451172,0.942,True,64262144
4967.143630981445,0.986,True,64821248
4967.93327331543,0.976,True,65103872
4967.938995361328,0.976,True,65105920
4968.539810180664,0.984,True,65320960
4968.5455322265625,0.985,True,65323008
4968.843078613281,0.959,True,65429504
4969.260787963867,0.984,True,65579008
4969.272232055664,0.935,True,65583104
4969.2779541015625,0.985,True,65585152
